esci_label,count,percentage
E,1708155,65.1648199889825
S,574312,21.909567982713813
I,263165,10.039545505179905
C,75652,2.886066523123782
