split,count,percentage
train,1983268,75.66017264821362
test,638016,24.33982735178638
